Aaren,Male
Aarika,Female
Abagael,Male
Abagail,Female
Abbe,Male
Abbey,Male
Abbi,Female
Abbie,Female
Abby,Female
Abbye,Female
Abigael,Female
Abigail,Female
Abigale,Female
Abra,Male
Ada,Female
Adah,Female
Adaline,Female
Adan,Male
Adara,Female
Adda,Male
Addi,Male
Addia,Female
Addie,Male
Addy,Male
Adel,Male
Adela,Female
Adelaida,Female
Adelaide,Female
Adele,Female
Adelheid,Female
Adelice,Female
Adelina,Female
Adelind,Female
Adeline,Female
Adella,Female
Adelle,Female
Adena,Female
Adey,Male
Adi,Male
Adiana,Female
Adina,Female
Adora,Female
Adore,Male
Adoree,Female
Adorne,Male
Adrea,Male
Adria,Male
Adriaens,Male
Adrian,Male
Adriana,Female
Adriane,Female
Adrianna,Female
Adrianne,Female
Adriena,Female
Adrienne,Female
Aeriel,Female
Aeriela,Male
Aeriell,Male
Afton,Female
Ag,Male
Agace,Female
Agata,Female
Agatha,Female
Agathe,Female
Aggi,Female
Aggie,Female
Aggy,Female
Agna,Female
Agnella,Female
Agnes,Female
Agnese,Female
Agnesse,Female
Agneta,Female
Agnola,Female
Agretha,Female
Aida,Female
Aidan,Male
Aigneis,Female
Aila,Female
Aile,Female
Ailee,Female
Aileen,Female
Ailene,Female
Ailey,Female
Aili,Female
Ailina,Female
Ailis,Female
Ailsun,Female
Ailyn,Female
Aime,Male
Aimee,Female
Aimil,Male
Aindrea,Male
Ainslee,Female
Ainsley,Male
Ainslie,Female
Ajay,Male
Alaine,Female
Alameda,Female
Alana,Female
Alanah,Female
Alane,Male
Alanna,Female
Alayne,Female
Alberta,Female
Albertina,Female
Albertine,Female
Albina,Female
Alecia,Female
Aleda,Female
Aleece,Female
Aleen,Female
Alejandra,Female
Alejandrina,Female
Alena,Female
Alene,Female
Alessandra,Female
Aleta,Female
Alethea,Female
Alex,Male
Alexa,Female
Alexandra,Female
Alexandrina,Female
Alexi,Male
Alexia,Female
Alexina,Female
Alexine,Female
Alexis,Male
Alfi,Male
Alfie,Male
Alfreda,Female
Alfy,Male
Ali,Male
Alia,Female
Alica,Female
Alice,Female
Alicea,Female
Alicia,Female
Alida,Female
Alidia,Female
Alie,Female
Alika,Female
Alikee,Female
Alina,Female
Aline,Female
Alis,Female
Alisa,Female
Alisha,Female
Alison,Female
Alissa,Female
Alisun,Female
Alix,Female
Aliza,Female
Alla,Female
Alleen,Male
Allegra,Female
Allene,Female
Alli,Male
Allianora,Male
Allie,Female
Allina,Female
Allis,Female
Allison,Female
Allissa,Female
Allix,Male
Allsun,Male
Allx,Male
Ally,Female
Allyce,Female
Allyn,Female
Allys,Female
Allyson,Female
Alma,Female
Almeda,Female
Almeria,Male
Almeta,Female
Almira,Female
Almire,Female
Aloise,Male
Aloisia,Female
Aloysia,Female
Alta,Female
Althea,Female
Alvera,Female
Alverta,Female
Alvina,Female
Alvinia,Female
Alvira,Female
Alyce,Female
Alyda,Female
Alys,Female
Alysa,Female
Alyse,Female
Alysia,Female
Alyson,Female
Alyss,Female
Alyssa,Female
Amabel,Female
Amabelle,Female
Amalea,Female
Amalee,Female
Amaleta,Female
Amalia,Female
Amalie,Female
Amalita,Female
Amalle,Female
Amanda,Female
Amandi,Male
Amandie,Female
Amandy,Female
Amara,Male
Amargo,Male
Amata,Female
Amber,Female
Amberly,Female
Ambur,Female
Ame,Female
Amelia,Female
Amelie,Female
Amelina,Female
Ameline,Female
Amelita,Female
Ami,Female
Amie,Female
Amii,Female
Amil,Male
Amitie,Male
Amity,Female
Ammamaria,Female
Amy,Female
Amye,Female
Ana,Female
Anabal,Male
Anabel,Female
Anabella,Female
Anabelle,Female
Analiese,Female
Analise,Female
Anallese,Male
Anallise,Male
Anastasia,Female
Anastasie,Female
Anastassia,Female
Anatola,Female
Andee,Male
Andeee,Male
Anderea,Female
Andi,Male
Andie,Female
Andra,Female
Andrea,Male
Andreana,Female
Andree,Female
Andrei,Male
Andria,Female
Andriana,Female
Andriette,Female
Andromache,Male
Andy,Male
Anestassia,Male
Anet,Female
Anett,Female
Anetta,Female
Anette,Female
Ange,Female
Angel,Male
Angela,Female
Angele,Female
Angelia,Female
Angelica,Female
Angelika,Female
Angelina,Female
Angeline,Female
Angelique,Female
Angelita,Female
Angelle,Female
Angie,Female
Angil,Female
Angy,Female
Ania,Female
Anica,Female
Anissa,Female
Anita,Female
Anitra,Female
Anjanette,Female
Anjela,Female
Ann,Female
Ann-Marie,Female
Anna,Female
Anna-Diana,Female
Anna-Diane,Male
Anna-Maria,Female
Annabal,Female
Annabel,Female
Annabela,Female
Annabell,Female
Annabella,Female
Annabelle,Female
Annadiana,Female
Annadiane,Male
Annalee,Female
Annaliese,Female
Annalise,Female
Annamaria,Female
Annamarie,Female
Anne,Female
Anne-Corinne,Female
Anne-Marie,Female
Annecorinne,Male
Anneliese,Female
Annelise,Female
Annemarie,Female
Annetta,Female
Annette,Female
Anni,Female
Annice,Female
Annie,Female
Annis,Male
Annissa,Female
Annmaria,Female
Annmarie,Female
Annnora,Male
Annora,Female
Anny,Female
Anselma,Female
Ansley,Male
Anstice,Female
Anthe,Female
Anthea,Female
Anthia,Female
Anthiathia,Male
Antoinette,Female
Antonella,Female
Antonetta,Female
Antonia,Female
Antonie,Female
Antonietta,Female
Antonina,Female
Anya,Female
Appolonia,Female
April,Female
Aprilette,Female
Ara,Female
Arabel,Female
Arabela,Female
Arabele,Male
Arabella,Female
Arabelle,Female
Arda,Male
Ardath,Male
Ardeen,Male
Ardelia,Female
Ardelis,Male
Ardella,Female
Ardelle,Female
Arden,Male
Ardene,Female
Ardenia,Female
Ardine,Female
Ardis,Male
Ardisj,Male
Ardith,Female
Ardra,Female
Ardyce,Female
Ardys,Female
Ardyth,Female
Aretha,Female
Ariadne,Female
Ariana,Female
Aridatha,Male
Ariel,Male
Ariela,Female
Ariella,Female
Arielle,Female
Arlana,Female
Arlee,Male
Arleen,Female
Arlen,Female
Arlena,Female
Arlene,Female
Arleta,Female
Arlette,Female
Arleyne,Female
Arlie,Male
Arliene,Female
Arlina,Female
Arlinda,Female
Arline,Female
Arluene,Female
Arly,Female
Arlyn,Female
Arlyne,Female
Aryn,Male
Ashely,Female
Ashia,Female
Ashien,Female
Ashil,Male
Ashla,Female
Ashlan,Female
Ashlee,Female
Ashleigh,Female
Ashlen,Male
Ashley,Female
Ashli,Female
Ashlie,Female
Ashly,Female
Asia,Female
Astra,Female
Astrid,Female
Astrix,Male
Atalanta,Female
Athena,Female
Athene,Female
Atlanta,Female
Atlante,Male
Auberta,Female
Aubine,Female
Aubree,Female
Aubrette,Male
Aubrey,Male
Aubrie,Female
Aubry,Male
Audi,Male
Audie,Male
Audra,Female
Audre,Female
Audrey,Female
Audrie,Female
Audry,Female
Audrye,Female
Audy,Male
Augusta,Female
Auguste,Male
Augustina,Female
Augustine,Male
Aundrea,Female
Aura,Female
Aurea,Female
Aurel,Male
Aurelea,Female
Aurelia,Female
Aurelie,Female
Auria,Female
Aurie,Female
Aurilia,Female
Aurlie,Female
Auroora,Female
Aurora,Female
Aurore,Female
Austin,Male
Austina,Female
Austine,Male
Ava,Female
Aveline,Female
Averil,Female
Averyl,Female
Avie,Female
Avis,Male
Aviva,Female
Avivah,Female
Avril,Female
Avrit,Male
Ayn,Female
Bab,Male
Babara,Female
Babb,Male
Babbette,Female
Babbie,Female
Babette,Female
Babita,Female
Babs,Male
Bambi,Female
Bambie,Female
Bamby,Female
Barb,Female
Barbabra,Female
Barbara,Female
Barbara-Anne,Female
Barbaraanne,Male
Barbe,Female
Barbee,Female
Barbette,Female
Barbey,Male
Barbi,Female
Barbie,Female
Barbra,Female
Barby,Female
Bari,Male
Barrie,Male
Barry,Male
Basia,Female
Bathsheba,Female
Batsheva,Female
Bea,Female
Beatrice,Female
Beatrisa,Female
Beatrix,Female
Beatriz,Female
Bebe,Female
Becca,Female
Becka,Female
Becki,Female
Beckie,Female
Becky,Female
Bee,Female
Beilul,Female
Beitris,Male
Bekki,Female
Bel,Male
Belia,Female
Belicia,Female
Belinda,Female
Belita,Female
Bell,Female
Bella,Female
Bellanca,Male
Belle,Female
Bellina,Female
Belva,Male
Belvia,Female
Bendite,Female
Benedetta,Female
Benedicta,Female
Benedikta,Female
Benetta,Female
Benita,Female
Benni,Male
Bennie,Male
Benny,Male
Benoite,Female
Berenice,Female
Beret,Male
Berget,Male
Berna,Female
Bernadene,Female
Bernadette,Female
Bernadina,Female
Bernadine,Female
Bernardina,Female
Bernardine,Female
Bernelle,Female
Bernete,Male
Bernetta,Female
Bernette,Female
Berni,Male
Bernice,Female
Bernie,Male
Bernita,Female
Berny,Male
Berri,Male
Berrie,Male
Berry,Male
Bert,Male
Berta,Female
Berte,Male
Bertha,Female
Berthe,Female
Berti,Male
Bertie,Male
Bertina,Female
Bertine,Female
Berty,Male
Beryl,Female
Beryle,Female
Bess,Male
Bessie,Female
Bessy,Female
Beth,Female
Bethanne,Female
Bethany,Female
Bethena,Female
Bethina,Female
Betsey,Female
Betsy,Female
Betta,Female
Bette,Female
Bette-Ann,Male
Betteann,Male
Betteanne,Male
Betti,Female
Bettina,Female
Bettine,Female
Betty,Female
Bettye,Female
Beulah,Female
Bev,Female
Beverie,Male
Beverlee,Female
Beverley,Female
Beverlie,Female
Beverly,Female
Bevvy,Female
Bianca,Female
Bianka,Female
Bibbie,Female
Bibby,Female
Bibbye,Male
Bibi,Female
Biddie,Female
Biddy,Female
Bidget,Female
Bili,Male
Bill,Male
Billi,Male
Billie,Female
Billy,Male
Billye,Female
Binni,Male
Binnie,Female
Binny,Male
Bird,Male
Birdie,Male
Birgit,Female
Birgitta,Female
Blair,Male
Blaire,Female
Blake,Male
Blakelee,Female
Blakeley,Male
Blanca,Female
Blanch,Female
Blancha,Female
Blanche,Female
Blinni,Male
Blinnie,Female
Blinny,Female
Bliss,Female
Blisse,Male
Blithe,Male
Blondell,Female
Blondelle,Female
Blondie,Female
Blondy,Female
Blythe,Female
Bobbe,Male
Bobbee,Male
Bobbette,Female
Bobbi,Female
Bobbie,Female
Bobby,Male
Bobbye,Female
Bobette,Female
Bobina,Female
Bobine,Female
Bobinette,Female
Bonita,Female
Bonnee,Male
Bonni,Female
Bonnibelle,Female
Bonnie,Female
Bonny,Female
Brana,Female
Brandais,Male
Brande,Male
Brandea,Female
Brandi,Female
Brandice,Female
Brandie,Female
Brandise,Male
Brandy,Female
Breanne,Female
Brear,Male
Bree,Female
Breena,Female
Bren,Female
Brena,Female
Brenda,Female
Brenn,Male
Brenna,Female
Brett,Male
Bria,Female
Briana,Female
Brianna,Female
Brianne,Female
Bride,Female
Bridget,Female
Bridgette,Female
Bridie,Female
Brier,Male
Brietta,Female
Brigid,Female
Brigida,Female
Brigit,Female
Brigitta,Female
Brigitte,Female
Brina,Female
Briney,Female
Brinn,Male
Brinna,Female
Briny,Female
Brit,Female
Brita,Female
Britney,Female
Britni,Female
Britt,Female
Britta,Female
Brittan,Male
Brittaney,Female
Brittani,Female
Brittany,Female
Britte,Female
Britteny,Female
Brittne,Male
Brittney,Female
Brittni,Female
Brook,Male
Brooke,Female
Brooks,Male
Brunhilda,Female
Brunhilde,Female
Bryana,Female
Bryn,Male
Bryna,Female
Brynn,Female
Brynna,Female
Brynne,Female
Buffy,Female
Bunni,Female
Bunnie,Female
Bunny,Female
Cacilia,Female
Cacilie,Female
Cahra,Male
Cairistiona,Male
Caitlin,Female
Caitrin,Female
Cal,Male
Calida,Female
Calla,Female
Calley,Female
Calli,Male
Callida,Female
Callie,Female
Cally,Female
Calypso,Female
Cam,Male
Camala,Female
Camel,Male
Camella,Female
Camellia,Female
Cami,Female
Camila,Female
Camile,Female
Camilla,Female
Camille,Female
Cammi,Female
Cammie,Female
Cammy,Male
Candace,Female
Candi,Female
Candice,Female
Candida,Female
Candide,Female
Candie,Female
Candis,Female
Candra,Male
Candy,Female
Caprice,Female
Cara,Female
Caralie,Female
Caren,Female
Carena,Female
Caresa,Female
Caressa,Female
Caresse,Female
Carey,Male
Cari,Female
Caria,Female
Carie,Female
Caril,Female
Carilyn,Female
Carin,Female
Carina,Female
Carine,Female
Cariotta,Male
Carissa,Female
Carita,Female
Caritta,Female
Carla,Female
Carlee,Female
Carleen,Female
Carlen,Male
Carlene,Female
Carley,Female
Carlie,Female
Carlin,Male
Carlina,Female
Carline,Female
Carlita,Female
Carlota,Female
Carlotta,Female
Carly,Female
Carlye,Female
Carlyn,Female
Carlynn,Female
Carlynne,Female
Carma,Female
Carmel,Female
Carmela,Female
Carmelia,Female
Carmelina,Female
Carmelita,Female
Carmella,Female
Carmelle,Female
Carmen,Female
Carmencita,Female
Carmina,Female
Carmine,Male
Carmita,Female
Carmon,Female
Caro,Female
Carol,Female
Carol-Jean,Male
Carola,Female
Carolan,Female
Carolann,Female
Carole,Female
Carolee,Female
Carolin,Female
Carolina,Female
Caroline,Female
Caroljean,Male
Carolyn,Female
Carolyne,Female
Carolynn,Female
Caron,Female
Carree,Male
Carri,Female
Carrie,Female
Carrissa,Female
Carroll,Male
Carry,Female
Cary,Female
Caryl,Female
Caryn,Female
Casandra,Female
Casey,Male
Casi,Male
Casie,Female
Cass,Female
Cassandra,Female
Cassandre,Female
Cassandry,Male
Cassaundra,Female
Cassey,Female
Cassi,Female
Cassie,Female
Cassondra,Female
Cassy,Female
Catarina,Female
Cate,Female
Caterina,Female
Catha,Female
Catharina,Female
Catharine,Female
Cathe,Female
Cathee,Female
Catherin,Female
Catherina,Female
Catherine,Female
Cathi,Female
Cathie,Female
Cathleen,Female
Cathlene,Female
Cathrin,Female
Cathrine,Female
Cathryn,Female
Cathy,Female
Cathyleen,Female
Cati,Female
Catie,Female
Catina,Female
Catlaina,Male
Catlee,Female
Catlin,Female
Catrina,Female
Catriona,Female
Caty,Female
Caye,Female
Cayla,Female
Cecelia,Female
Cecil,Male
Cecile,Female
Ceciley,Male
Cecilia,Female
Cecilla,Female
Cecily,Female
Ceil,Male
Cele,Female
Celene,Female
Celesta,Female
Celeste,Female
Celestia,Female
Celestina,Female
Celestine,Female
Celestyn,Male
Celestyna,Female
Celia,Female
Celie,Female
Celina,Female
Celinda,Female
Celine,Female
Celinka,Female
Celisse,Female
Celka,Female
Celle,Female
Cesya,Female
Chad,Male
Chanda,Female
Chandal,Female
Chandra,Male
Channa,Female
Chantal,Female
Chantalle,Female
Charil,Female
Charin,Male
Charis,Male
Charissa,Female
Charisse,Female
Charita,Female
Charity,Female
Charla,Female
Charlean,Female
Charleen,Female
Charlena,Female
Charlene,Female
Charline,Female
Charlot,Male
Charlotta,Female
Charlotte,Female
Charmain,Female
Charmaine,Female
Charmane,Female
Charmian,Female
Charmine,Female
Charmion,Female
Charo,Female
Charyl,Female
Chastity,Female
Chelsae,Female
Chelsea,Female
Chelsey,Female
Chelsie,Female
Chelsy,Female
Cher,Female
Chere,Female
Cherey,Female
Cheri,Female
Cherianne,Female
Cherice,Female
Cherida,Female
Cherie,Female
Cherilyn,Female
Cherilynn,Female
Cherin,Female
Cherise,Female
Cherish,Female
Cherlyn,Female
Cherri,Female
Cherrita,Female
Cherry,Female
Chery,Female
Cherye,Female
Cheryl,Female
Cheslie,Male
Chiarra,Female
Chickie,Female
Chicky,Female
Chiquia,Male
Chiquita,Female
Chlo,Female
Chloe,Female
Chloette,Female
Chloris,Female
Chris,Male
Chrissie,Female
Chrissy,Female
Christa,Female
Christabel,Female
Christabella,Female
Christal,Female
Christalle,Female
Christan,Male
Christean,Male
Christel,Female
Christen,Female
Christi,Female
Christian,Male
Christiana,Female
Christiane,Female
Christie,Female
Christin,Female
Christina,Female
Christine,Female
Christy,Female
Christye,Female
Christyna,Female
Chrysa,Female
Chrysler,Male
Chrystal,Female
Chryste,Female
Chrystel,Female
Cicely,Female
Cicily,Female
Ciel,Male
Cilka,Female
Cinda,Female
Cindee,Female
Cindelyn,Female
Cinderella,Female
Cindi,Female
Cindie,Female
Cindra,Female
Cindy,Female
Cinnamon,Female
Cissiee,Male
Cissy,Female
Clair,Female
Claire,Female
Clara,Female
Clarabelle,Female
Clare,Female
Claresta,Female
Clareta,Female
Claretta,Female
Clarette,Female
Clarey,Female
Clari,Female
Claribel,Female
Clarice,Female
Clarie,Female
Clarinda,Female
Clarine,Female
Clarissa,Female
Clarisse,Female
Clarita,Female
Clary,Female
Claude,Male
Claudelle,Female
Claudetta,Female
Claudette,Female
Claudia,Female
Claudie,Female
Claudina,Female
Claudine,Female
Clea,Female
Clem,Male
Clemence,Female
Clementia,Female
Clementina,Female
Clementine,Female
Clemmie,Female
Clemmy,Male
Cleo,Female
Cleopatra,Female
Clerissa,Female
Clio,Female
Clo,Female
Cloe,Female
Cloris,Female
Clotilda,Female
Clovis,Male
Codee,Male
Codi,Male
Codie,Female
Cody,Male
Coleen,Female
Colene,Female
Coletta,Female
Colette,Female
Colleen,Female
Collen,Male
Collete,Female
Collette,Female
Collie,Male
Colline,Female
Colly,Female
Con,Male
Concettina,Female
Conchita,Female
Concordia,Female
Conni,Female
Connie,Female
Conny,Female
Consolata,Female
Constance,Female
Constancia,Female
Constancy,Female
Constanta,Female
Constantia,Female
Constantina,Female
Constantine,Male
Consuela,Female
Consuelo,Female
Cookie,Female
Cora,Female
Corabel,Female
Corabella,Female
Corabelle,Female
Coral,Female
Coralie,Female
Coraline,Female
Coralyn,Female
Cordelia,Female
Cordelie,Female
Cordey,Male
Cordi,Female
Cordie,Female
Cordula,Female
Cordy,Female
Coreen,Female
Corella,Female
Corenda,Male
Corene,Female
Coretta,Female
Corette,Female
Corey,Male
Cori,Female
Corie,Female
Corilla,Male
Corina,Female
Corine,Female
Corinna,Female
Corinne,Female
Coriss,Female
Corissa,Female
Corliss,Female
Corly,Female
Cornela,Female
Cornelia,Female
Cornelle,Female
Cornie,Female
Corny,Male
Correna,Female
Correy,Male
Corri,Female
Corrianne,Female
Corrie,Female
Corrina,Female
Corrine,Female
Corrinne,Female
Corry,Female
Cortney,Female
Cory,Male
Cosetta,Female
Cosette,Female
Costanza,Female
Courtenay,Male
Courtnay,Female
Courtney,Female
Crin,Male
Cris,Female
Crissie,Female
Crissy,Female
Crista,Female
Cristabel,Female
Cristal,Female
Cristen,Female
Cristi,Male
Cristie,Female
Cristin,Female
Cristina,Female
Cristine,Female
Cristionna,Male
Cristy,Female
Crysta,Female
Crystal,Female
Crystie,Female
Cthrine,Female
Cyb,Male
Cybil,Female
Cybill,Female
Cymbre,Male
Cynde,Female
Cyndi,Female
Cyndia,Female
Cyndie,Female
Cyndy,Female
Cynthea,Female
Cynthia,Female
Cynthie,Female
Cynthy,Female
Dacey,Male
Dacia,Female
Dacie,Male
Dacy,Female
Dael,Male
Daffi,Male
Daffie,Female
Daffy,Male
Dagmar,Female
Dahlia,Female
Daile,Female
Daisey,Female
Daisi,Female
Daisie,Female
Daisy,Female
Dale,Male
Dalenna,Female
Dalia,Female
Dalila,Female
Dallas,Male
Daloris,Male
Damara,Female
Damaris,Female
Damita,Female
Dana,Female
Danell,Female
Danella,Female
Danette,Female
Dani,Male
Dania,Female
Danica,Female
Danice,Female
Daniela,Female
Daniele,Male
Daniella,Female
Danielle,Female
Danika,Female
Danila,Female
Danit,Female
Danita,Female
Danna,Female
Danni,Female
Dannie,Male
Danny,Male
Dannye,Female
Danya,Female
Danyelle,Female
Danyette,Male
Daphene,Female
Daphna,Female
Daphne,Female
Dara,Female
Darb,Male
Darbie,Female
Darby,Male
Darcee,Female
Darcey,Female
Darci,Female
Darcie,Female
Darcy,Male
Darda,Male
Dareen,Female
Darell,Male
Darelle,Female
Dari,Male
Daria,Female
Darice,Female
Darla,Female
Darleen,Female
Darlene,Female
Darline,Female
Darlleen,Male
Daron,Male
Darrelle,Male
Darryl,Male
Darsey,Male
Darsie,Female
Darya,Female
Daryl,Male
Daryn,Male
Dasha,Female
Dasi,Male
Dasie,Female
Dasya,Female
Datha,Male
Daune,Male
Daveen,Male
Daveta,Male
Davida,Female
Davina,Female
Davine,Female
Davita,Female
Dawn,Female
Dawna,Female
Dayle,Male
Dayna,Female
Ddene,Male
De,Male
Deana,Female
Deane,Male
Deanna,Female
Deanne,Female
Deb,Female
Debbi,Female
Debbie,Female
Debby,Female
Debee,Female
Debera,Female
Debi,Female
Debor,Female
Debora,Female
Deborah,Female
Debra,Female
Dede,Male
Dedie,Male
Dedra,Female
Dee,Female
Dee Dee,Male
Deeann,Female
Deeanne,Female
Deedee,Female
Deena,Female
Deerdre,Male
Deeyn,Female
Dehlia,Female
Deidre,Female
Deina,Female
Deirdre,Female
Del,Male
Dela,Female
Delcina,Female
Delcine,Female
Delia,Female
Delila,Female
Delilah,Female
Delinda,Female
Dell,Male
Della,Female
Delly,Female
Delora,Female
Delores,Female
Deloria,Female
Deloris,Female
Delphine,Female
Delphinia,Female
Demeter,Male
Demetra,Female
Demetria,Female
Demetris,Male
Dena,Female
Deni,Male
Denice,Female
Denise,Female
Denna,Female
Denni,Male
Dennie,Male
Denny,Male
Deny,Male
Denys,Male
Denyse,Female
Deonne,Female
Desdemona,Female
Desirae,Female
Desiree,Female
Desiri,Male
Deva,Female
Devan,Male
Devi,Female
Devin,Male
Devina,Female
Devinne,Male
Devon,Male
Devondra,Male
Devonna,Female
Devonne,Female
Devora,Female
Di,Male
Diahann,Female
Dian,Female
Diana,Female
Diandra,Female
Diane,Female
Diane-Marie,Female
Dianemarie,Male
Diann,Female
Dianna,Female
Dianne,Female
Diannne,Female
Didi,Female
Dido,Male
Diena,Female
Dierdre,Female
Dina,Female
Dinah,Female
Dinnie,Female
Dinny,Female
Dion,Male
Dione,Male
Dionis,Male
Dionne,Female
Dita,Female
Dix,Male
Dixie,Female
Dniren,Male
Dode,Female
Dodi,Male
Dodie,Female
Dody,Male
Doe,Male
Doll,Female
Dolley,Male
Dolli,Female
Dollie,Female
Dolly,Female
Dolores,Female
Dolorita,Female
Doloritas,Male
Domeniga,Male
Dominga,Female
Domini,Male
Dominica,Female
Dominique,Male
Dona,Female
Donella,Female
Donelle,Female
Donetta,Female
Donia,Female
Donica,Female
Donielle,Female
Donna,Female
Donnamarie,Female
Donni,Male
Donnie,Male
Donny,Male
Dora,Female
Doralia,Female
Doralin,Male
Doralyn,Female
Doralynn,Female
Doralynne,Male
Dore,Female
Doreen,Female
Dorelia,Female
Dorella,Female
Dorelle,Female
Dorena,Female
Dorene,Female
Doretta,Female
Dorette,Female
Dorey,Male
Dori,Female
Doria,Female
Dorian,Male
Dorice,Female
Dorie,Female
Dorine,Female
Doris,Female
Dorisa,Female
Dorise,Female
Dorita,Female
Doro,Female
Dorolice,Male
Dorolisa,Female
Dorotea,Female
Doroteya,Female
Dorothea,Female
Dorothee,Female
Dorothy,Female
Dorree,Male
Dorri,Female
Dorrie,Female
Dorris,Female
Dorry,Female
Dorthea,Female
Dorthy,Female
Dory,Female
Dosi,Male
Dot,Female
Doti,Female
Dotti,Female
Dottie,Female
Dotty,Female
Dre,Male
Dreddy,Male
Dredi,Male
Drona,Male
Dru,Male
Druci,Female
Drucie,Female
Drucill,Male
Drucy,Female
Drusi,Female
Drusie,Female
Drusilla,Female
Drusy,Female
Dulce,Female
Dulcea,Female
Dulci,Female
Dulcia,Female
Dulciana,Female
Dulcie,Female
Dulcine,Female
Dulcinea,Female
Dulcy,Female
Dulsea,Female
Dusty,Male
Dyan,Female
Dyana,Female
Dyane,Female
Dyann,Female
Dyanna,Female
Dyanne,Female
Dyna,Female
Dynah,Female
Eachelle,Female
Eada,Male
Eadie,Female
Eadith,Female
Ealasaid,Female
Eartha,Female
Easter,Female
Eba,Female
Ebba,Female
Ebonee,Female
Ebony,Female
Eda,Female
Eddi,Male
Eddie,Male
Eddy,Male
Ede,Male
Edee,Male
Edeline,Female
Eden,Female
Edi,Male
Edie,Male
Edin,Male
Edita,Female
Edith,Female
Editha,Female
Edithe,Female
Ediva,Female
Edna,Female
Edwina,Female
Edy,Male
Edyth,Female
Edythe,Female
Effie,Female
Eileen,Female
Eilis,Female
Eimile,Female
Eirena,Female
Ekaterina,Female
Elaina,Female
Elaine,Female
Elana,Female
Elane,Female
Elayne,Female
Elberta,Female
Elbertina,Female
Elbertine,Female
Eleanor,Female
Eleanora,Female
Eleanore,Female
Electra,Female
Eleen,Female
Elena,Female
Elene,Female
Eleni,Female
Elenore,Female
Eleonora,Female
Eleonore,Female
Elfie,Female
Elfreda,Female
Elfrida,Female
Elfrieda,Female
Elga,Female
Elianora,Female
Elianore,Female
Elicia,Female
Elie,Male
Elinor,Female
Elinore,Female
Elisa,Female
Elisabet,Female
Elisabeth,Female
Elisabetta,Female
Elise,Female
Elisha,Female
Elissa,Female
Elita,Female
Eliza,Female
Elizabet,Female
Elizabeth,Female
Elka,Female
Elke,Female
Ella,Female
Elladine,Female
Elle,Female
Ellen,Female
Ellene,Female
Ellette,Female
Elli,Female
Ellie,Female
Ellissa,Female
Elly,Female
Ellyn,Female
Ellynn,Female
Elmira,Female
Elna,Female
Elnora,Female
Elnore,Female
Eloisa,Female
Eloise,Female
Elonore,Female
Elora,Female
Elsa,Female
Elsbeth,Female
Else,Female
Elset,Male
Elsey,Female
Elsi,Female
Elsie,Female
Elsinore,Female
Elspeth,Female
Elsy,Female
Elva,Female
Elvera,Female
Elvina,Female
Elvira,Female
Elwira,Female
Elyn,Female
Elyse,Female
Elysee,Male
Elysha,Female
Elysia,Female
Elyssa,Female
Em,Female
Ema,Female
Emalee,Female
Emalia,Female
Emelda,Female
Emelia,Female
Emelina,Female
Emeline,Female
Emelita,Female
Emelyne,Female
Emera,Female
Emilee,Female
Emili,Female
Emilia,Female
Emilie,Female
Emiline,Female
Emily,Female
Emlyn,Male
Emlynn,Male
Emlynne,Female
Emma,Female
Emmalee,Female
Emmaline,Female
Emmalyn,Female
Emmalynn,Male
Emmalynne,Male
Emmeline,Female
Emmey,Female
Emmi,Female
Emmie,Female
Emmy,Female
Emmye,Female
Emogene,Female
Emyle,Female
Emylee,Female
Engracia,Female
Enid,Female
Enrica,Female
Enrichetta,Female
Enrika,Female
Enriqueta,Female
Eolanda,Female
Eolande,Female
Eran,Male
Erda,Male
Erena,Female
Erica,Female
Ericha,Female
Ericka,Female
Erika,Female
Erin,Female
Erina,Female
Erinn,Female
Erinna,Female
Erma,Female
Ermengarde,Male
Ermentrude,Female
Ermina,Female
Erminia,Female
Erminie,Female
Erna,Female
Ernaline,Female
Ernesta,Female
Ernestine,Female
Ertha,Female
Eryn,Female
Esma,Female
Esmaria,Female
Esme,Female
Esmeralda,Female
Essa,Male
Essie,Female
Essy,Female
Esta,Female
Estel,Female
Estele,Female
Estell,Female
Estella,Female
Estelle,Female
Ester,Female
Esther,Female
Estrella,Female
Estrellita,Female
Ethel,Female
Ethelda,Male
Ethelin,Female
Ethelind,Male
Etheline,Female
Ethelyn,Female
Ethyl,Female
Etta,Female
Etti,Female
Ettie,Female
Etty,Female
Eudora,Female
Eugenia,Female
Eugenie,Female
Eugine,Male
Eula,Female
Eulalie,Female
Eunice,Female
Euphemia,Female
Eustacia,Female
Eva,Female
Evaleen,Female
Evangelia,Female
Evangelin,Female
Evangelina,Female
Evangeline,Female
Evania,Female
Evanne,Female
Eve,Female
Eveleen,Female
Evelina,Female
Eveline,Female
Evelyn,Female
Evey,Female
Evie,Female
Evita,Female
Evonne,Female
Evvie,Female
Evvy,Female
Evy,Female
Eyde,Female
Eydie,Female
Ezmeralda,Female
Fae,Female
Faina,Female
Faith,Female
Fallon,Female
Fan,Male
Fanchette,Female
Fanchon,Female
Fancie,Female
Fancy,Female
Fanechka,Male
Fania,Female
Fanni,Female
Fannie,Female
Fanny,Female
Fanya,Female
Fara,Female
Farah,Female
Farand,Male
Farica,Female
Farra,Female
Farrah,Female
Farrand,Male
Faun,Male
Faunie,Male
Faustina,Female
Faustine,Female
Fawn,Female
Fawne,Female
Fawnia,Female
Fay,Female
Faydra,Female
Faye,Female
Fayette,Female
Fayina,Female
Fayre,Female
Fayth,Female
Faythe,Female
Federica,Female
Fedora,Female
Felecia,Female
Felicdad,Male
Felice,Male
Felicia,Female
Felicity,Female
Felicle,Male
Felipa,Female
Felisha,Female
Felita,Female
Feliza,Female
Fenelia,Female
Feodora,Female
Ferdinanda,Female
Ferdinande,Female
Fern,Female
Fernanda,Female
Fernande,Female
Fernandina,Female
Ferne,Female
Fey,Female
Fiann,Male
Fianna,Female
Fidela,Female
Fidelia,Female
Fidelity,Male
Fifi,Female
Fifine,Female
Filia,Female
Filide,Female
Filippa,Female
Fina,Female
Fiona,Female
Fionna,Female
Fionnula,Female
Fiorenze,Male
Fleur,Female
Fleurette,Female
Flo,Male
Flor,Female
Flora,Female
Florance,Female
Flore,Female
Florella,Female
Florence,Female
Florencia,Female
Florentia,Female
Florenza,Female
Florette,Female
Flori,Female
Floria,Female
Florida,Female
Florie,Female
Florina,Female
Florinda,Female
Floris,Male
Florri,Female
Florrie,Female
Florry,Female
Flory,Female
Flossi,Male
Flossie,Female
Flossy,Female
Flss,Male
Fran,Male
Francene,Female
Frances,Female
Francesca,Female
Francine,Female
Francisca,Female
Franciska,Female
Francoise,Female
Francyne,Female
Frank,Male
Frankie,Male
Franky,Male
Franni,Female
Frannie,Female
Franny,Female
Frayda,Female
Fred,Male
Freda,Female
Freddi,Male
Freddie,Male
Freddy,Male
Fredelia,Male
Frederica,Female
Fredericka,Female
Frederique,Female
Fredi,Male
Fredia,Female
Fredra,Female
Fredrika,Female
Freida,Female
Frieda,Female
Friederike,Female
Fulvia,Female
Gabbey,Female
Gabbi,Female
Gabbie,Female
Gabey,Male
Gabi,Female
Gabie,Female
Gabriel,Male
Gabriela,Female
Gabriell,Male
Gabriella,Female
Gabrielle,Female
Gabriellia,Female
Gabrila,Female
Gaby,Female
Gae,Male
Gael,Male
Gail,Female
Gale,Female
Galina,Female
Garland,Male
Garnet,Male
Garnette,Female
Gates,Male
Gavra,Male
Gavrielle,Male
Gay,Male
Gaye,Female
Gayel,Male
Gayla,Female
Gayle,Female
Gayleen,Female
Gaylene,Female
Gaynor,Female
Gelya,Female
Gena,Male
Gene,Male
Geneva,Female
Genevieve,Female
Genevra,Female
Genia,Female
Genna,Female
Genni,Male
Gennie,Female
Gennifer,Female
Genny,Male
Genovera,Male
Genvieve,Female
George,Male
Georgeanna,Female
Georgeanne,Female
Georgena,Female
Georgeta,Female
Georgetta,Female
Georgette,Female
Georgia,Female
Georgiana,Female
Georgianna,Female
Georgianne,Female
Georgie,Female
Georgina,Female
Georgine,Female
Geralda,Female
Geraldine,Female
Gerda,Female
Gerhardine,Female
Geri,Male
Gerianna,Male
Gerianne,Female
Gerladina,Male
Germain,Male
Germaine,Female
Germana,Female
Gerri,Male
Gerrie,Female
Gerrilee,Male
Gerry,Male
Gert,Male
Gerta,Female
Gerti,Male
Gertie,Female
Gertrud,Female
Gertruda,Female
Gertrude,Female
Gertrudis,Female
Gerty,Female
Giacinta,Female
Giana,Female
Gianina,Female
Gianna,Female
Gigi,Male
Gilberta,Female
Gilberte,Female
Gilbertina,Male
Gilbertine,Female
Gilda,Female
Gilemette,Male
Gill,Female
Gillan,Male
Gilli,Male
Gillian,Female
Gillie,Female
Gilligan,Male
Gilly,Female
Gina,Female
Ginelle,Female
Ginevra,Female
Ginger,Female
Ginni,Male
Ginnie,Female
Ginnifer,Female
Ginny,Female
Giorgia,Female
Giovanna,Female
Gipsy,Female
Giralda,Female
Gisela,Female
Gisele,Female
Gisella,Female
Giselle,Female
Giuditta,Female
Giulia,Female
Giulietta,Female
Giustina,Female
Gizela,Female
Glad,Female
Gladi,Male
Gladys,Female
Gleda,Female
Glen,Male
Glenda,Female
Glenine,Male
Glenn,Male
Glenna,Female
Glennie,Female
Glennis,Female
Glori,Female
Gloria,Female
Gloriana,Female
Gloriane,Female
Glory,Female
Glyn,Male
Glynda,Female
Glynis,Female
Glynnis,Female
Gnni,Male
Godiva,Female
Golda,Female
Goldarina,Male
Goldi,Male
Goldia,Male
Goldie,Female
Goldina,Female
Goldy,Male
Grace,Female
Gracia,Female
Gracie,Female
Grata,Female
Gratia,Female
Gratiana,Female
Gray,Male
Grayce,Female
Grazia,Female
Greer,Male
Greta,Female
Gretal,Female
Gretchen,Female
Grete,Female
Gretel,Female
Grethel,Female
Gretna,Female
Gretta,Female
Grier,Male
Griselda,Female
Grissel,Female
Guendolen,Female
Guenevere,Female
Guenna,Male
Guglielma,Female
Gui,Male
Guillema,Male
Guillemette,Female
Guinevere,Female
Guinna,Male
Gunilla,Female
Gus,Male
Gusella,Female
Gussi,Male
Gussie,Female
Gussy,Male
Gusta,Male
Gusti,Male
Gustie,Male
Gusty,Male
Gwen,Female
Gwendolen,Female
Gwendolin,Female
Gwendolyn,Female
Gweneth,Female
Gwenette,Male
Gwenneth,Female
Gwenni,Female
Gwennie,Female
Gwenny,Female
Gwenora,Male
Gwenore,Male
Gwyn,Male
Gwyneth,Female
Gwynne,Female
Gypsy,Female
Hadria,Female
Hailee,Female
Haily,Female
Haleigh,Female
Halette,Female
Haley,Female
Hali,Male
Halie,Female
Halimeda,Female
Halley,Male
Halli,Male
Hallie,Female
Hally,Female
Hana,Female
Hanna,Female
Hannah,Female
Hanni,Female
Hannie,Female
Hannis,Female
Hanny,Female
Happy,Male
Harlene,Female
Harley,Male
Harli,Male
Harlie,Male
Harmonia,Female
Harmonie,Female
Harmony,Female
Harri,Male
Harrie,Male
Harriet,Female
Harriett,Female
Harrietta,Female
Harriette,Female
Harriot,Female
Harriott,Female
Hatti,Male
Hattie,Female
Hatty,Female
Hayley,Female
Hazel,Female
Heath,Male
Heather,Female
Heda,Female
Hedda,Female
Heddi,Male
Heddie,Female
Hedi,Male
Hedvig,Female
Hedvige,Female
Hedwig,Female
Hedwiga,Female
Hedy,Female
Heida,Female
Heidi,Female
Heidie,Female
Helaina,Female
Helaine,Female
Helen,Female
Helen-Elizabeth,Male
Helena,Female
Helene,Female
Helenka,Female
Helga,Female
Helge,Male
Helli,Female
Heloise,Female
Helsa,Female
Helyn,Female
Hendrika,Female
Henka,Male
Henrie,Male
Henrieta,Female
Henrietta,Female
Henriette,Female
Henryetta,Female
Hephzibah,Female
Hermia,Female
Hermina,Female
Hermine,Female
Herminia,Female
Hermione,Female
Herta,Female
Hertha,Female
Hester,Female
Hesther,Female
Hestia,Female
Hetti,Female
Hettie,Female
Hetty,Female
Hilary,Female
Hilda,Female
Hildagard,Female
Hildagarde,Male
Hilde,Female
Hildegaard,Male
Hildegarde,Female
Hildy,Female
Hillary,Female
Hilliary,Female
Hinda,Female
Holli,Female
Hollie,Female
Holly,Female
Holly-Anne,Female
Hollyanne,Female
Honey,Female
Honor,Male
Honoria,Female
Hope,Female
Horatia,Female
Hortense,Female
Hortensia,Female
Hulda,Female
Hyacinth,Female
Hyacintha,Female
Hyacinthe,Male
Hyacinthia,Male
Hyacinthie,Male
Hynda,Female
Ianthe,Female
Ibbie,Male
Ibby,Male
Ida,Female
Idalia,Female
Idalina,Female
Idaline,Female
Idell,Female
Idelle,Female
Idette,Female
Ileana,Female
Ileane,Female
Ilene,Female
Ilise,Female
Ilka,Female
Illa,Female
Ilsa,Female
Ilse,Female
Ilysa,Female
Ilyse,Female
Ilyssa,Female
Imelda,Female
Imogen,Female
Imogene,Female
Imojean,Female
Ina,Female
Indira,Female
Ines,Female
Inesita,Female
Inessa,Female
Inez,Female
Inga,Female
Ingaberg,Male
Ingaborg,Male
Inge,Female
Ingeberg,Male
Ingeborg,Female
Inger,Female
Ingrid,Female
Ingunna,Male
Inna,Female
Iolande,Female
Iolanthe,Female
Iona,Female
Iormina,Male
Ira,Female
Irena,Female
Irene,Female
Irina,Female
Iris,Female
Irita,Female
Irma,Female
Isa,Female
Isabel,Female
Isabelita,Female
Isabella,Female
Isabelle,Female
Isadora,Female
Isahella,Male
Iseabal,Male
Isidora,Female
Isis,Female
Isobel,Female
Issi,Male
Issie,Female
Issy,Male
Ivett,Female
Ivette,Female
Ivie,Female
Ivonne,Female
Ivory,Female
Ivy,Female
Izabel,Female
Jacenta,Female
Jacinda,Female
Jacinta,Female
Jacintha,Female
Jacinthe,Female
Jackelyn,Female
Jacki,Female
Jackie,Female
Jacklin,Female
Jacklyn,Female
Jackquelin,Male
Jackqueline,Female
Jacky,Male
Jaclin,Female
Jaclyn,Female
Jacquelin,Female
Jacqueline,Female
Jacquelyn,Female
Jacquelynn,Female
Jacquenetta,Male
Jacquenette,Female
Jacquetta,Female
Jacquette,Female
Jacqui,Female
Jacquie,Female
Jacynth,Female
Jada,Female
Jade,Female
Jaime,Male
Jaimie,Female
Jaine,Female
Jami,Male
Jamie,Male
Jamima,Female
Jammie,Male
Jan,Male
Jana,Female
Janaya,Female
Janaye,Male
Jandy,Female
Jane,Female
Janean,Female
Janeczka,Female
Janeen,Female
Janel,Female
Janela,Female
Janella,Female
Janelle,Female
Janene,Female
Janenna,Male
Janessa,Female
Janet,Female
Janeta,Female
Janetta,Female
Janette,Female
Janeva,Female
Janey,Female
Jania,Female
Janice,Female
Janie,Female
Janifer,Female
Janina,Female
Janine,Female
Janis,Male
Janith,Male
Janka,Female
Janna,Female
Jannel,Female
Jannelle,Female
Janot,Male
Jany,Female
Jaquelin,Female
Jaquelyn,Female
Jaquenetta,Female
Jaquenette,Male
Jaquith,Male
Jasmin,Female
Jasmina,Female
Jasmine,Female
Jayme,Male
Jaymee,Female
Jayne,Female
Jaynell,Male
Jazmin,Female
Jean,Male
Jeana,Female
Jeane,Female
Jeanelle,Female
Jeanette,Female
Jeanie,Female
Jeanine,Female
Jeanna,Female
Jeanne,Female
Jeannette,Female
Jeannie,Female
Jeannine,Female
Jehanna,Female
Jelene,Female
Jemie,Female
Jemima,Female
Jemimah,Female
Jemmie,Female
Jemmy,Male
Jen,Female
Jena,Female
Jenda,Male
Jenelle,Female
Jeni,Female
Jenica,Female
Jeniece,Female
Jenifer,Female
Jeniffer,Female
Jenilee,Female
Jenine,Female
Jenn,Female
Jenna,Female
Jennee,Female
Jennette,Female
Jenni,Female
Jennica,Female
Jennie,Female
Jennifer,Female
Jennilee,Female
Jennine,Female
Jenny,Female
Jeralee,Female
Jere,Male
Jeri,Female
Jermaine,Male
Jerrie,Male
Jerrilee,Female
Jerrilyn,Female
Jerrine,Female
Jerry,Male
Jerrylee,Male
Jess,Female
Jessa,Female
Jessalin,Female
Jessalyn,Female
Jessamine,Female
Jessamyn,Female
Jesse,Male
Jesselyn,Female
Jessi,Female
Jessica,Female
Jessie,Female
Jessika,Female
Jessy,Female
Jewel,Female
Jewell,Female
Jewelle,Female
Jill,Female
Jillana,Female
Jillane,Female
Jillayne,Female
Jilleen,Female
Jillene,Male
Jilli,Female
Jillian,Female
Jillie,Female
Jilly,Female
Jinny,Female
Jo,Male
Jo Ann,Male
Jo-Ann,Female
Jo-Anne,Female
Joan,Male
Joana,Female
Joane,Female
Joanie,Female
Joann,Female
Joanna,Female
Joanne,Female
Joannes,Male
Jobey,Male
Jobi,Male
Jobie,Male
Jobina,Female
Joby,Male
Jobye,Male
Jobyna,Female
Jocelin,Male
Joceline,Female
Jocelyn,Female
Jocelyne,Female
Jodee,Female
Jodi,Female
Jodie,Female
Jody,Male
Joeann,Female
Joela,Female
Joelie,Female
Joell,Male
Joella,Female
Joelle,Female
Joellen,Female
Joelly,Female
Joellyn,Female
Joelynn,Female
Joete,Female
Joey,Male
Johanna,Female
Johannah,Female
Johna,Female
Johnath,Male
Johnette,Female
Johnna,Female
Joice,Female
Jojo,Male
Jolee,Female
Joleen,Female
Jolene,Female
Joletta,Female
Joli,Female
Jolie,Female
Joline,Female
Joly,Female
Jolyn,Female
Jolynn,Female
Jonell,Male
Joni,Male
Jonie,Male
Jonis,Male
Jordain,Male
Jordan,Male
Jordana,Female
Jordanna,Female
Jorey,Male
Jori,Male
Jorie,Female
Jorrie,Male
Jorry,Male
Joscelin,Male
Josee,Male
Josefa,Female
Josefina,Female
Josepha,Female
Josephina,Female
Josephine,Female
Josey,Female
Josi,Female
Josie,Female
Josselyn,Female
Josy,Female
Jourdan,Male
Joy,Female
Joya,Female
Joyan,Female
Joyann,Female
Joyce,Female
Joycelin,Female
Joye,Female
Jsandye,Female
Juana,Female
Juanita,Female
Judi,Female
Judie,Female
Judith,Female
Juditha,Female
Judy,Female
Judye,Female
Juieta,Female
Julee,Female
Juli,Female
Julia,Female
Juliana,Female
Juliane,Female
Juliann,Male
Julianna,Female
Julianne,Female
Julie,Female
Julienne,Female
Juliet,Female
Julieta,Female
Julietta,Female
Juliette,Female
Julina,Female
Juline,Female
Julissa,Female
Julita,Female
June,Female
Junette,Female
Junia,Female
Junie,Female
Junina,Female
Justina,Female
Justine,Female
Justinn,Male
Jyoti,Female
Kacey,Female
Kacie,Female
Kacy,Female
Kaela,Female
Kai,Male
Kaia,Female
Kaila,Female
Kaile,Female
Kailey,Female
Kaitlin,Female
Kaitlyn,Female
Kaitlynn,Female
Kaja,Female
Kakalina,Female
Kala,Female
Kaleena,Female
Kali,Male
Kalie,Female
Kalila,Female
Kalina,Female
Kalinda,Female
Kalindi,Female
Kalli,Male
Kally,Female
Kameko,Female
Kamila,Female
Kamilah,Female
Kamillah,Female
Kandace,Female
Kandy,Female
Kania,Female
Kanya,Female
Kara,Male
Kara-Lynn,Male
Karalee,Female
Karalynn,Female
Kare,Male
Karee,Female
Karel,Male
Karen,Female
Karena,Female
Kari,Female
Karia,Female
Karie,Female
Karil,Male
Karilynn,Male
Karin,Female
Karina,Female
Karine,Female
Kariotta,Male
Karisa,Female
Karissa,Female
Karita,Female
Karla,Female
Karlee,Female
Karleen,Female
Karlen,Male
Karlene,Female
Karlie,Female
Karlotta,Female
Karlotte,Female
Karly,Female
Karlyn,Female
Karmen,Female
Karna,Female
Karol,Male
Karola,Female
Karole,Female
Karolina,Female
Karoline,Female
Karoly,Male
Karon,Female
Karrah,Female
Karrie,Female
Karry,Female
Kary,Female
Karyl,Female
Karylin,Female
Karyn,Female
Kasey,Female
Kass,Male
Kassandra,Female
Kassey,Female
Kassi,Male
Kassia,Female
Kassie,Female
Kat,Female
Kata,Female
Katalin,Female
Kate,Female
Katee,Female
Katerina,Female
Katerine,Female
Katey,Female
Kath,Female
Katha,Female
Katharina,Female
Katharine,Female
Katharyn,Female
Kathe,Female
Katherina,Female
Katherine,Female
Katheryn,Female
Kathi,Female
Kathie,Female
Kathleen,Female
Kathlin,Female
Kathrine,Female
Kathryn,Female
Kathryne,Female
Kathy,Female
Kathye,Female
Kati,Female
Katie,Female
Katina,Female
Katine,Female
Katinka,Female
Katleen,Female
Katlin,Female
Katrina,Female
Katrine,Female
Katrinka,Female
Katti,Female
Kattie,Female
Katuscha,Female
Katusha,Female
Katy,Female
Katya,Female
Kay,Male
Kaycee,Male
Kaye,Female
Kayla,Female
Kayle,Male
Kaylee,Female
Kayley,Female
Kaylil,Male
Kaylyn,Female
Keeley,Female
Keelia,Female
Keely,Female
Kelcey,Male
Kelci,Female
Kelcie,Female
Kelcy,Female
Kelila,Female
Kellen,Male
Kelley,Female
Kelli,Female
Kellia,Female
Kellie,Female
Kellina,Female
Kellsie,Female
Kelly,Female
Kellyann,Female
Kelsey,Female
Kelsi,Female
Kelsy,Female
Kendra,Female
Kendre,Female
Kenna,Female
Keri,Female
Keriann,Female
Kerianne,Female
Kerri,Female
Kerrie,Female
Kerrill,Male
Kerrin,Female
Kerry,Female
Kerstin,Female
Kesley,Male
Keslie,Female
Kessia,Female
Kessiah,Female
Ketti,Female
Kettie,Female
Ketty,Female
Kevina,Female
Kevyn,Male
Ki,Male
Kiah,Female
Kial,Male
Kiele,Female
Kiersten,Female
Kikelia,Male
Kiley,Female
Kim,Female
Kimberlee,Female
Kimberley,Female
Kimberli,Female
Kimberly,Female
Kimberlyn,Female
Kimbra,Female
Kimmi,Female
Kimmie,Female
Kimmy,Female
Kinna,Female
Kip,Male
Kipp,Male
Kippie,Male
Kippy,Female
Kira,Female
Kirbee,Female
Kirbie,Female
Kirby,Male
Kiri,Male
Kirsten,Female
Kirsteni,Male
Kirsti,Female
Kirstin,Female
Kirstyn,Female
Kissee,Male
Kissiah,Male
Kissie,Female
Kit,Male
Kitti,Female
Kittie,Female
Kitty,Female
Kizzee,Female
Kizzie,Female
Klara,Female
Klarika,Female
Klarrisa,Male
Konstance,Female
Konstanze,Female
Koo,Male
Kora,Female
Koral,Female
Koralle,Female
Kordula,Female
Kore,Male
Korella,Male
Koren,Male
Koressa,Male
Kori,Male
Korie,Male
Korney,Male
Korrie,Female
Korry,Male
Kris,Male
Krissie,Female
Krissy,Female
Krista,Female
Kristal,Female
Kristan,Male
Kriste,Female
Kristel,Female
Kristen,Female
Kristi,Female
Kristien,Female
Kristin,Female
Kristina,Female
Kristine,Female
Kristy,Female
Kristyn,Female
Krysta,Female
Krystal,Female
Krystalle,Female
Krystle,Female
Krystyna,Female
Kyla,Female
Kyle,Male
Kylen,Male
Kylie,Female
Kylila,Female
Kylynn,Female
Kym,Female
Kynthia,Female
Kyrstin,Female
La Verne,Male
Lacee,Male
Lacey,Female
Lacie,Female
Lacy,Female
Ladonna,Female
Laetitia,Female
Laina,Female
Lainey,Female
Lana,Female
Lanae,Female
Lane,Female
Lanette,Female
Laney,Female
Lani,Female
Lanie,Female
Lanita,Female
Lanna,Female
Lanni,Female
Lanny,Female
Lara,Female
Laraine,Female
Lari,Female
Larina,Female
Larine,Female
Larisa,Female
Larissa,Female
Lark,Male
Laryssa,Female
Latashia,Female
Latia,Female
Latisha,Female
Latrena,Female
Latrina,Female
Laura,Female
Lauraine,Female
Laural,Female
Lauralee,Female
Laure,Female
Lauree,Female
Laureen,Female
Laurel,Female
Laurella,Female
Lauren,Female
Laurena,Female
Laurene,Female
Lauretta,Female
Laurette,Female
Lauri,Female
Laurianne,Female
Laurice,Female
Laurie,Female
Lauryn,Female
Lavena,Female
Laverna,Female
Laverne,Female
Lavina,Female
Lavinia,Female
Lavinie,Female
Layla,Female
Layne,Male
Layney,Female
Lea,Female
Leah,Female
Leandra,Female
Leann,Female
Leanna,Female
Leanor,Female
Leanora,Female
Lebbie,Male
Leda,Female
Lee,Male
Leeann,Female
Leeanne,Female
Leela,Female
Leelah,Female
Leena,Female
Leesa,Female
Leese,Female
Legra,Female
Leia,Female
Leigh,Male
Leigha,Female
Leila,Female
Leilah,Female
Leisha,Female
Lela,Female
Lelah,Female
Leland,Male
Lelia,Female
Lena,Female
Lenee,Female
Lenette,Female
Lenka,Female
Lenna,Female
Lenora,Female
Lenore,Female
Leodora,Female
Leoine,Female
Leola,Female
Leoline,Female
Leona,Female
Leonanie,Male
Leone,Male
Leonelle,Female
Leonie,Female
Leonora,Female
Leonore,Female
Leontine,Female
Leontyne,Female
Leora,Female
Leshia,Female
Lesley,Female
Lesli,Female
Leslie,Female
Lesly,Female
Lesya,Female
Leta,Female
Lethia,Female
Leticia,Female
Letisha,Female
Letitia,Female
Letizia,Female
Letta,Female
Letti,Female
Lettie,Female
Letty,Female
Lexi,Female
Lexie,Female
Lexine,Female
Lexis,Male
Lexy,Female
Leyla,Female
Lezlie,Female
Lia,Female
Lian,Female
Liana,Female
Liane,Female
Lianna,Female
Lianne,Female
Lib,Male
Libbey,Female
Libbi,Female
Libbie,Female
Libby,Female
Licha,Male
Lida,Female
Lidia,Female
Liesa,Female
Lil,Male
Lila,Female
Lilah,Female
Lilas,Female
Lilia,Female
Lilian,Female
Liliane,Female
Lilias,Female
Lilith,Female
Lilla,Female
Lilli,Female
Lillian,Female
Lillis,Female
Lilllie,Female
Lilly,Female
Lily,Female
Lilyan,Female
Lin,Female
Lina,Female
Lind,Female
Linda,Female
Lindi,Male
Lindie,Female
Lindsay,Female
Lindsey,Female
Lindsy,Female
Lindy,Female
Linea,Female
Linell,Female
Linet,Female
Linette,Female
Linn,Female
Linnea,Female
Linnell,Male
Linnet,Female
Linnie,Female
Linzy,Female
Lira,Female
Lisa,Female
Lisabeth,Female
Lisbeth,Female
Lise,Female
Lisetta,Female
Lisette,Female
Lisha,Female
Lishe,Female
Lissa,Female
Lissi,Female
Lissie,Female
Lissy,Female
Lita,Female
Liuka,Female
Liv,Female
Liva,Female
Livia,Female
Livvie,Female
Livvy,Female
Livvyy,Male
Livy,Female
Liz,Female
Liza,Female
Lizabeth,Female
Lizbeth,Female
Lizette,Female
Lizzie,Female
Lizzy,Female
Loella,Female
Lois,Female
Loise,Female
Lola,Female
Loleta,Female
Lolita,Female
Lolly,Female
Lona,Female
Lonee,Female
Loni,Male
Lonna,Female
Lonni,Female
Lonnie,Male
Lora,Female
Lorain,Female
Loraine,Female
Loralee,Female
Loralie,Female
Loralyn,Female
Loree,Female
Loreen,Female
Lorelei,Female
Lorelle,Female
Loren,Male
Lorena,Female
Lorene,Female
Lorenza,Female
Loretta,Female
Lorette,Female
Lori,Female
Loria,Female
Lorianna,Female
Lorianne,Female
Lorie,Female
Lorilee,Female
Lorilyn,Female
Lorinda,Female
Lorine,Female
Lorita,Female
Lorna,Female
Lorne,Female
Lorraine,Female
Lorrayne,Female
Lorri,Female
Lorrie,Female
Lorrin,Male
Lorry,Female
Lory,Female
Lotta,Female
Lotte,Female
Lotti,Female
Lottie,Female
Lotty,Female
Lou,Female
Louella,Female
Louisa,Female
Louise,Female
Louisette,Female
Loutitia,Male
Lu,Female
Luce,Female
Luci,Female
Lucia,Female
Luciana,Female
Lucie,Female
Lucienne,Female
Lucila,Female
Lucilia,Female
Lucille,Female
Lucina,Female
Lucinda,Female
Lucine,Female
Lucita,Female
Lucky,Male
Lucretia,Female
Lucy,Female
Ludovika,Female
Luella,Female
Luelle,Female
Luisa,Female
Luise,Female
Lula,Female
Lulita,Female
Lulu,Female
Lura,Female
Lurette,Female
Lurleen,Female
Lurlene,Female
Lurline,Female
Lusa,Female
Luz,Female
Lyda,Female
Lydia,Female
Lydie,Female
Lyn,Female
Lynda,Female
Lynde,Female
Lyndel,Female
Lyndell,Female
Lyndsay,Female
Lyndsey,Female
Lyndsie,Female
Lyndy,Female
Lynea,Female
Lynelle,Female
Lynett,Female
Lynette,Female
Lynn,Female
Lynna,Female
Lynne,Female
Lynnea,Female
Lynnell,Female
Lynnelle,Female
Lynnet,Female
Lynnett,Female
Lynnette,Female
Lynsey,Female
Lyssa,Female
Mab,Male
Mabel,Female
Mabelle,Female
Mable,Female
Mada,Female
Madalena,Female
Madalyn,Male
Maddalena,Female
Maddi,Female
Maddie,Female
Maddy,Female
Madel,Female
Madelaine,Female
Madeleine,Female
Madelena,Female
Madelene,Female
Madelin,Female
Madelina,Female
Madeline,Female
Madella,Female
Madelle,Female
Madelon,Female
Madelyn,Female
Madge,Female
Madlen,Female
Madlin,Female
Madonna,Female
Mady,Female
Mae,Female
Maegan,Female
Mag,Female
Magda,Female
Magdaia,Male
Magdalen,Female
Magdalena,Female
Magdalene,Female
Maggee,Female
Maggi,Female
Maggie,Female
Maggy,Female
Mahala,Female
Mahalia,Female
Maia,Female
Maible,Female
Maiga,Male
Maighdiln,Male
Mair,Male
Maire,Female
Maisey,Female
Maisie,Female
Maitilde,Female
Mala,Female
Malanie,Female
Malena,Female
Malia,Female
Malina,Female
Malinda,Female
Malinde,Female
Malissa,Female
Malissia,Female
Mallissa,Female
Mallorie,Female
Mallory,Female
Malorie,Female
Malory,Female
Malva,Female
Malvina,Female
Malynda,Female
Mame,Female
Mamie,Female
Manda,Female
Mandi,Female
Mandie,Female
Mandy,Female
Manon,Female
Manya,Female
Mara,Female
Marabel,Female
Marcela,Female
Marcelia,Female
Marcella,Female
Marcelle,Female
Marcellina,Female
Marcelline,Female
Marchelle,Female
Marci,Male
Marcia,Female
Marcie,Female
Marcile,Male
Marcille,Female
Marcy,Female
Mareah,Male
Maren,Female
Marena,Female
Maressa,Female
Marga,Female
Margalit,Female
Margalo,Male
Margaret,Female
Margareta,Female
Margarete,Female
Margaretha,Female
Margarethe,Female
Margaretta,Female
Margarette,Female
Margarita,Female
Margaux,Female
Marge,Female
Margeaux,Female
Margery,Female
Marget,Female
Margette,Female
Margi,Female
Margie,Female
Margit,Female
Margo,Female
Margot,Female
Margret,Female
Marguerite,Female
Margy,Female
Mari,Female
Maria,Female
Mariam,Female
Marian,Male
Mariana,Female
Mariann,Female
Marianna,Female
Marianne,Female
Maribel,Female
Maribelle,Female
Maribeth,Female
Marice,Female
Maridel,Female
Marie,Female
Marie-Ann,Female
Marie-Jeanne,Female
Marieann,Female
Mariejeanne,Female
Mariel,Female
Mariele,Female
Marielle,Female
Mariellen,Female
Marietta,Female
Mariette,Female
Marigold,Female
Marijo,Female
Marika,Female
Marilee,Female
Marilin,Female
Marillin,Female
Marilyn,Female
Marin,Male
Marina,Female
Marinna,Female
Marion,Female
Mariquilla,Female
Maris,Female
Marisa,Female
Mariska,Female
Marissa,Female
Marita,Female
Maritsa,Female
Mariya,Female
Marj,Female
Marja,Female
Marje,Female
Marji,Female
Marjie,Female
Marjorie,Female
Marjory,Female
Marjy,Female
Marketa,Female
Marla,Female
Marlane,Female
Marleah,Female
Marlee,Female
Marleen,Female
Marlena,Female
Marlene,Female
Marley,Male
Marlie,Female
Marline,Female
Marlo,Male
Marlyn,Female
Marna,Female
Marne,Female
Marney,Male
Marni,Female
Marnia,Female
Marnie,Female
Marquita,Female
Marrilee,Male
Marris,Female
Marrissa,Female
Marsha,Female
Marsiella,Male
Marta,Female
Martelle,Female
Martguerita,Male
Martha,Female
Marthe,Female
Marthena,Female
Marti,Female
Martica,Female
Martie,Female
Martina,Female
Martita,Female
Marty,Female
Martynne,Male
Mary,Female
Marya,Female
Maryann,Female
Maryanna,Female
Maryanne,Female
Marybelle,Female
Marybeth,Female
Maryellen,Female
Maryjane,Female
Maryjo,Female
Maryl,Female
Marylee,Female
Marylin,Female
Marylinda,Female
Marylou,Female
Marylynne,Female
Maryrose,Female
Marys,Female
Marysa,Female
Masha,Female
Matelda,Female
Mathilda,Female
Mathilde,Female
Matilda,Female
Matilde,Female
Matti,Male
Mattie,Male
Matty,Male
Maud,Female
Maude,Female
Maudie,Female
Maura,Female
Maure,Male
Maureen,Female
Maureene,Female
Maurene,Female
Maurine,Female
Maurise,Male
Maurita,Female
Maurizia,Female
Mavis,Female
Mavra,Female
Max,Male
Maxi,Male
Maxie,Female
Maxine,Female
Maxy,Male
May,Female
Maybelle,Female
Maye,Female
Mead,Male
Meade,Male
Meagan,Female
Meaghan,Female
Meara,Female
Mechelle,Female
Meg,Female
Megan,Female
Megen,Female
Meggi,Female
Meggie,Female
Meggy,Female
Meghan,Female
Meghann,Female
Mehetabel,Female
Mei,Female
Mel,Female
Mela,Female
Melamie,Female
Melania,Female
Melanie,Female
Melantha,Female
Melany,Female
Melba,Female
Melesa,Female
Melessa,Female
Melicent,Female
Melina,Female
Melinda,Female
Melinde,Female
Melisa,Female
Melisande,Female
Melisandra,Female
Melisenda,Female
Melisent,Male
Melissa,Female
Melisse,Female
Melita,Female
Melitta,Female
Mella,Female
Melli,Female
Mellicent,Female
Mellie,Female
Mellisa,Female
Mellisent,Male
Melloney,Female
Melly,Female
Melodee,Female
Melodie,Female
Melody,Female
Melonie,Female
Melony,Female
Melosa,Female
Melva,Female
Mercedes,Female
Merci,Female
Mercie,Female
Mercy,Female
Meredith,Female
Meredithe,Male
Meridel,Female
Meridith,Female
Meriel,Female
Merilee,Female
Merilyn,Female
Meris,Female
Merissa,Female
Merl,Male
Merla,Female
Merle,Female
Merlina,Female
Merline,Female
Merna,Female
Merola,Male
Merralee,Female
Merridie,Male
Merrie,Female
Merrielle,Male
Merrile,Male
Merrilee,Female
Merrili,Male
Merrill,Male
Merrily,Female
Merry,Female
Mersey,Male
Meryl,Female
Meta,Female
Mia,Female
Micaela,Female
Michaela,Female
Michaelina,Female
Michaeline,Female
Michaella,Female
Michal,Male
Michel,Male
Michele,Male
Michelina,Female
Micheline,Female
Michell,Female
Michelle,Female
Micki,Male
Mickie,Male
Micky,Male
Midge,Male
Mignon,Male
Mignonne,Female
Miguela,Female
Miguelita,Female
Mikaela,Female
Mil,Male
Mildred,Female
Mildrid,Female
Milena,Female
Milicent,Female
Milissent,Female
Milka,Female
Milli,Female
Millicent,Female
Millie,Female
Millisent,Female
Milly,Female
Milzie,Male
Mimi,Female
Min,Male
Mina,Female
Minda,Female
Mindy,Female
Minerva,Female
Minetta,Female
Minette,Female
Minna,Female
Minnaminnie,Male
Minne,Female
Minni,Female
Minnie,Female
Minnnie,Female
Minny,Female
Minta,Female
Miof Mela,Male
Miquela,Female
Mira,Female
Mirabel,Female
Mirabella,Female
Mirabelle,Female
Miran,Male
Miranda,Female
Mireielle,Male
Mireille,Female
Mirella,Female
Mirelle,Female
Miriam,Female
Mirilla,Female
Mirna,Female
Misha,Male
Missie,Female
Missy,Female
Misti,Female
Misty,Female
Mitzi,Female
Modesta,Female
Modestia,Female
Modestine,Female
Modesty,Female
Moina,Female
Moira,Female
Moll,Male
Mollee,Male
Molli,Female
Mollie,Female
Molly,Female
Mommy,Female
Mona,Female
Monah,Female
Monica,Female
Monika,Female
Monique,Female
Mora,Female
Moreen,Female
Morena,Female
Morgan,Male
Morgana,Female
Morganica,Male
Morganne,Female
Morgen,Male
Moria,Female
Morissa,Female
Morna,Female
Moselle,Male
Moyna,Female
Moyra,Female
Mozelle,Female
Muffin,Female
Mufi,Male
Mufinella,Male
Muire,Male
Mureil,Female
Murial,Female
Muriel,Female
Murielle,Female
Myra,Female
Myrah,Female
Myranda,Female
Myriam,Female
Myrilla,Female
Myrle,Female
Myrlene,Female
Myrna,Female
Myrta,Female
Myrtia,Female
Myrtice,Female
Myrtie,Female
Myrtle,Female
Nada,Female
Nadean,Female
Nadeen,Female
Nadia,Female
Nadine,Female
Nadiya,Female
Nady,Female
Nadya,Female
Nalani,Female
Nan,Female
Nana,Female
Nananne,Female
Nance,Female
Nancee,Female
Nancey,Female
Nanci,Female
Nancie,Female
Nancy,Female
Nanete,Male
Nanette,Female
Nani,Female
Nanice,Female
Nanine,Female
Nannette,Female
Nanni,Male
Nannie,Female
Nanny,Female
Nanon,Female
Naoma,Female
Naomi,Female
Nara,Female
Nari,Female
Nariko,Female
Nat,Female
Nata,Female
Natala,Female
Natalee,Female
Natalie,Female
Natalina,Female
Nataline,Female
Natalya,Female
Natasha,Female
Natassia,Female
Nathalia,Female
Nathalie,Female
Natividad,Female
Natka,Female
Natty,Female
Neala,Female
Neda,Female
Nedda,Female
Nedi,Male
Neely,Female
Neila,Female
Neile,Female
Neilla,Female
Neille,Male
Nelia,Female
Nelie,Female
Nell,Female
Nelle,Female
Nelli,Female
Nellie,Female
Nelly,Female
Nerissa,Female
Nerita,Female
Nert,Male
Nerta,Female
Nerte,Female
Nerti,Male
Nertie,Male
Nerty,Female
Nessa,Female
Nessi,Female
Nessie,Female
Nessy,Female
Nesta,Male
Netta,Female
Netti,Female
Nettie,Female
Nettle,Female
Netty,Female
Nevsa,Female
Neysa,Female
Nichol,Female
Nichole,Female
Nicholle,Female
Nicki,Female
Nickie,Female
Nicky,Female
Nicol,Female
Nicola,Male
Nicole,Female
Nicolea,Male
Nicolette,Female
Nicoli,Female
Nicolina,Female
Nicoline,Female
Nicolle,Female
Nikaniki,Male
Nike,Male
Niki,Female
Nikki,Female
Nikkie,Female
Nikoletta,Female
Nikolia,Female
Nina,Female
Ninetta,Female
Ninette,Female
Ninnetta,Female
Ninnette,Female
Ninon,Female
Nissa,Female
Nisse,Male
Nissie,Female
Nissy,Female
Nita,Female
Nixie,Female
Noami,Female
Noel,Male
Noelani,Female
Noell,Male
Noella,Female
Noelle,Female
Noellyn,Female
Noelyn,Female
Noemi,Female
Nola,Female
Nolana,Female
Nolie,Female
Nollie,Female
Nomi,Female
Nona,Female
Nonah,Female
Noni,Female
Nonie,Female
Nonna,Female
Nonnah,Male
Nora,Female
Norah,Female
Norean,Female
Noreen,Female
Norene,Female
Norina,Female
Norine,Female
Norma,Female
Norri,Male
Norrie,Male
Norry,Male
Novelia,Female
Nydia,Female
Nyssa,Female
Octavia,Female
Odele,Female
Odelia,Female
Odelinda,Female
Odella,Female
Odelle,Female
Odessa,Female
Odetta,Female
Odette,Female
Odilia,Female
Odille,Female
Ofelia,Female
Ofella,Female
Ofilia,Female
Ola,Female
Olenka,Female
Olga,Female
Olia,Female
Olimpia,Female
Olive,Male
Olivette,Female
Olivia,Female
Olivie,Female
Oliy,Female
Ollie,Male
Olly,Male
Olva,Female
Olwen,Female
Olympe,Female
Olympia,Female
Olympie,Female
Ondrea,Female
Oneida,Female
Onida,Female
Oona,Female
Opal,Female
Opalina,Female
Opaline,Female
Ophelia,Female
Ophelie,Female
Ora,Female
Oralee,Female
Oralia,Female
Oralie,Female
Oralla,Male
Oralle,Male
Orel,Male
Orelee,Male
Orelia,Female
Orelie,Female
Orella,Female
Orelle,Female
Oriana,Female
Orly,Female
Orsa,Female
Orsola,Female
Ortensia,Female
Otha,Male
Othelia,Female
Othella,Female
Othilia,Female
Othilie,Female
Ottilie,Female
Page,Male
Paige,Female
Paloma,Female
Pam,Female
Pamela,Female
Pamelina,Female
Pamella,Female
Pammi,Female
Pammie,Female
Pammy,Female
Pandora,Female
Pansie,Female
Pansy,Female
Paola,Female
Paolina,Female
Papagena,Female
Pat,Male
Patience,Female
Patrica,Female
Patrice,Male
Patricia,Female
Patrizia,Female
Patsy,Female
Patti,Female
Pattie,Female
Patty,Female
Paula,Female
Paule,Female
Pauletta,Female
Paulette,Female
Pauli,Male
Paulie,Male
Paulina,Female
Pauline,Female
Paulita,Female
Pauly,Female
Pavia,Male
Pavla,Female
Pearl,Female
Pearla,Female
Pearle,Female
Pearline,Female
Peg,Female
Pegeen,Female
Peggi,Female
Peggie,Female
Peggy,Female
Pen,Female
Penelopa,Female
Penelope,Female
Penni,Female
Pennie,Female
Penny,Female
Pepi,Female
Pepita,Female
Peri,Female
Peria,Male
Perl,Female
Perla,Female
Perle,Female
Perri,Male
Perrine,Female
Perry,Male
Persis,Female
Pet,Male
Peta,Female
Petra,Female
Petrina,Female
Petronella,Female
Petronia,Female
Petronilla,Female
Petronille,Female
Petunia,Female
Phaedra,Female
Phaidra,Female
Phebe,Female
Phedra,Female
Phelia,Female
Phil,Male
Philipa,Female
Philippa,Female
Philippe,Male
Philippine,Female
Philis,Female
Phillida,Female
Phillie,Male
Phillis,Female
Philly,Male
Philomena,Female
Phoebe,Female
Phylis,Female
Phyllida,Female
Phyllis,Female
Phyllys,Female
Phylys,Male
Pia,Female
Pier,Male
Pierette,Female
Pierrette,Female
Pietra,Female
Piper,Female
Pippa,Female
Pippy,Female
Polly,Female
Pollyanna,Female
Pooh,Female
Poppy,Female
Portia,Female
Pris,Female
Prisca,Female
Priscella,Female
Priscilla,Female
Prissie,Female
Pru,Female
Prudence,Female
Prudi,Female
Prudy,Female
Prue,Female
Queenie,Female
Quentin,Male
Querida,Female
Quinn,Male
Quinta,Female
Quintana,Male
Quintilla,Female
Quintina,Female
Rachael,Female
Rachel,Female
Rachele,Female
Rachelle,Female
Rae,Female
Raeann,Female
Raf,Male
Rafa,Male
Rafaela,Female
Rafaelia,Female
Rafaelita,Female
Rahal,Male
Rahel,Female
Raina,Female
Raine,Female
Rakel,Female
Ralina,Female
Ramona,Female
Ramonda,Female
Rana,Female
Randa,Female
Randee,Female
Randene,Male
Randi,Female
Randie,Male
Randy,Male
Ranee,Female
Rani,Female
Rania,Female
Ranice,Female
Ranique,Male
Ranna,Female
Raphaela,Female
Raquel,Female
Raquela,Female
Rasia,Female
Rasla,Female
Raven,Female
Ray,Male
Raychel,Female
Raye,Male
Rayna,Female
Raynell,Male
Rayshell,Female
Rea,Female
Reba,Female
Rebbecca,Female
Rebe,Female
Rebeca,Female
Rebecca,Female
Rebecka,Female
Rebeka,Female
Rebekah,Female
Rebekkah,Female
Ree,Female
Reeba,Female
Reena,Female
Reeta,Female
Reeva,Female
Regan,Male
Reggi,Male
Reggie,Male
Regina,Female
Regine,Female
Reiko,Female
Reina,Female
Reine,Female
Remy,Male
Rena,Female
Renae,Female
Renata,Female
Renate,Female
Rene,Male
Renee,Female
Renell,Male
Renelle,Female
Renie,Female
Rennie,Male
Reta,Female
Retha,Female
Revkah,Female
Rey,Male
Reyna,Female
Rhea,Female
Rheba,Female
Rheta,Female
Rhetta,Female
Rhiamon,Male
Rhianna,Female
Rhianon,Female
Rhoda,Female
Rhodia,Female
Rhodie,Male
Rhody,Male
Rhona,Female
Rhonda,Female
Riane,Female
Riannon,Female
Rianon,Female
Rica,Female
Ricca,Male
Rici,Male
Ricki,Male
Rickie,Male
Ricky,Male
Riki,Male
Rikki,Male
Rina,Female
Risa,Female
Rita,Female
Riva,Male
Rivalee,Male
Rivi,Male
Rivkah,Female
Rivy,Male
Roana,Female
Roanna,Female
Roanne,Female
Robbi,Male
Robbie,Male
Robbin,Male
Robby,Male
Robbyn,Male
Robena,Female
Robenia,Female
Roberta,Female
Robin,Male
Robina,Female
Robinet,Male
Robinett,Female
Robinetta,Female
Robinette,Female
Robinia,Female
Roby,Male
Robyn,Female
Roch,Male
Rochell,Female
Rochella,Female
Rochelle,Female
Rochette,Male
Roda,Female
Rodi,Male
Rodie,Male
Rodina,Female
Rois,Male
Romola,Female
Romona,Female
Romonda,Female
Romy,Female
Rona,Female
Ronalda,Female
Ronda,Female
Ronica,Female
Ronna,Female
Ronni,Male
Ronnica,Female
Ronnie,Male
Ronny,Male
Roobbie,Male
Rora,Female
Rori,Female
Rorie,Male
Rory,Male
Ros,Female
Rosa,Female
Rosabel,Female
Rosabella,Female
Rosabelle,Female
Rosaleen,Female
Rosalia,Female
Rosalie,Female
Rosalind,Female
Rosalinda,Female
Rosalinde,Female
Rosaline,Female
Rosalyn,Female
Rosalynd,Female
Rosamond,Female
Rosamund,Female
Rosana,Female
Rosanna,Female
Rosanne,Female
Rose,Female
Roseann,Female
Roseanna,Female
Roseanne,Female
Roselia,Female
Roselin,Female
Roseline,Female
Rosella,Female
Roselle,Female
Rosemaria,Female
Rosemarie,Female
Rosemary,Female
Rosemonde,Female
Rosene,Female
Rosetta,Female
Rosette,Female
Roshelle,Female
Rosie,Female
Rosina,Female
Rosita,Female
Roslyn,Female
Rosmunda,Female
Rosy,Female
Row,Male
Rowe,Male
Rowena,Female
Roxana,Female
Roxane,Female
Roxanna,Female
Roxanne,Female
Roxi,Female
Roxie,Female
Roxine,Female
Roxy,Female
Roz,Female
Rozalie,Female
Rozalin,Female
Rozamond,Male
Rozanna,Female
Rozanne,Female
Roze,Female
Rozele,Female
Rozella,Female
Rozelle,Female
Rozina,Female
Rubetta,Male
Rubi,Female
Rubia,Female
Rubie,Female
Rubina,Female
Ruby,Female
Ruperta,Female
Ruth,Female
Ruthann,Female
Ruthanne,Female
Ruthe,Female
Ruthi,Female
Ruthie,Female
Ruthy,Female
Ryann,Male
Rycca,Male
Saba,Female
Sabina,Female
Sabine,Female
Sabra,Female
Sabrina,Female
Sacha,Male
Sada,Male
Sadella,Female
Sadie,Female
Sadye,Female
Saidee,Male
Sal,Male
Salaidh,Male
Sallee,Female
Salli,Female
Sallie,Female
Sally,Female
Sallyann,Female
Sallyanne,Female
Saloma,Female
Salome,Female
Salomi,Female
Sam,Male
Samantha,Female
Samara,Female
Samaria,Female
Sammy,Male
Sande,Male
Sandi,Female
Sandie,Female
Sandra,Female
Sandy,Female
Sandye,Female
Sapphira,Female
Sapphire,Female
Sara,Female
Sara-Ann,Female
Saraann,Female
Sarah,Female
Sarajane,Female
Saree,Male
Sarena,Female
Sarene,Female
Sarette,Female
Sari,Female
Sarina,Female
Sarine,Female
Sarita,Female
Sascha,Male
Sasha,Male
Sashenka,Female
Saudra,Male
Saundra,Female
Savina,Female
Sayre,Female
Scarlet,Female
Scarlett,Female
Sean,Male
Seana,Female
Seka,Female
Sela,Female
Selena,Female
Selene,Female
Selestina,Female
Selia,Female
Selie,Female
Selina,Female
Selinda,Female
Seline,Female
Sella,Female
Selle,Male
Selma,Female
Sena,Female
Sephira,Female
Serena,Female
Serene,Female
Shae,Female
Shaina,Female
Shaine,Female
Shalna,Female
Shalne,Female
Shana,Female
Shanda,Female
Shandee,Female
Shandeigh,Male
Shandie,Female
Shandra,Female
Shandy,Female
Shane,Male
Shani,Male
Shanie,Female
Shanna,Female
Shannah,Female
Shannen,Female
Shannon,Female
Shanon,Female
Shanta,Female
Shantee,Female
Shara,Female
Sharai,Female
Shari,Female
Sharia,Female
Sharity,Female
Sharl,Male
Sharla,Female
Sharleen,Female
Sharlene,Female
Sharline,Female
Sharon,Female
Sharona,Female
Sharron,Female
Sharyl,Female
Shaun,Male
Shauna,Female
Shawn,Male
Shawna,Female
Shawnee,Female
Shay,Male
Shayla,Female
Shaylah,Female
Shaylyn,Female
Shaylynn,Female
Shayna,Female
Shayne,Male
Shea,Male
Sheba,Female
Sheela,Female
Sheelagh,Female
Sheelah,Female
Sheena,Female
Sheeree,Female
Sheila,Female
Sheila-Kathryn,Male
Sheilah,Female
Shel,Female
Shela,Female
Shelagh,Female
Shelba,Female
Shelbi,Female
Shelby,Female
Shelia,Female
Shell,Female
Shelley,Female
Shelli,Female
Shellie,Female
Shelly,Female
Shena,Female
Sher,Male
Sheree,Female
Sheri,Female
Sherie,Female
Sherill,Female
Sherilyn,Female
Sherline,Female
Sherri,Female
Sherrie,Female
Sherry,Female
Sherye,Female
Sheryl,Female
Shina,Male
Shir,Female
Shirl,Female
Shirlee,Female
Shirleen,Female
Shirlene,Female
Shirley,Female
Shirline,Female
Shoshana,Female
Shoshanna,Female
Siana,Female
Sianna,Female
Sib,Male
Sibbie,Male
Sibby,Female
Sibeal,Male
Sibel,Female
Sibella,Female
Sibelle,Female
Sibilla,Female
Sibley,Male
Sibyl,Female
Sibylla,Female
Sibylle,Female
Sidoney,Male
Sidonia,Female
Sidonnie,Female
Sigrid,Female
Sile,Male
Sileas,Female
Silva,Male
Silvana,Female
Silvia,Female
Silvie,Female
Simona,Female
Simone,Male
Simonette,Female
Simonne,Female
Sindee,Female
Siobhan,Female
Sioux,Male
Siouxie,Female
Sisely,Female
Sisile,Female
Sissie,Female
Sissy,Female
Siusan,Female
Sofia,Female
Sofie,Female
Sondra,Female
Sonia,Female
Sonja,Female
Sonni,Male
Sonnie,Female
Sonnnie,Male
Sonny,Male
Sonya,Female
Sophey,Female
Sophi,Female
Sophia,Female
Sophie,Female
Sophronia,Female
Sorcha,Female
Sosanna,Female
Stace,Female
Stacee,Female
Stacey,Female
Staci,Female
Stacia,Female
Stacie,Female
Stacy,Female
Stafani,Female
Star,Male
Starla,Female
Starlene,Female
Starlin,Male
Starr,Female
Stefa,Female
Stefania,Female
Stefanie,Female
Steffane,Male
Steffi,Female
Steffie,Female
Stella,Female
Stepha,Female
Stephana,Female
Stephani,Female
Stephanie,Female
Stephannie,Female
Stephenie,Female
Stephi,Female
Stephie,Female
Stephine,Female
Stesha,Female
Stevana,Female
Stevena,Female
Stoddard,Male
Storm,Male
Stormi,Male
Stormie,Female
Stormy,Male
Sue,Female
Suellen,Female
Sukey,Female
Suki,Female
Sula,Female
Sunny,Male
Sunshine,Female
Susan,Female
Susana,Female
Susanetta,Male
Susann,Female
Susanna,Female
Susannah,Female
Susanne,Female
Susette,Female
Susi,Female
Susie,Female
Susy,Female
Suzann,Female
Suzanna,Female
Suzanne,Female
Suzette,Female
Suzi,Female
Suzie,Female
Suzy,Female
Sybil,Female
Sybila,Female
Sybilla,Female
Sybille,Female
Sybyl,Female
Sydel,Female
Sydelle,Female
Sydney,Male
Sylvia,Female
Tabatha,Female
Tabbatha,Female
Tabbi,Female
Tabbie,Female
Tabbitha,Female
Tabby,Female
Tabina,Female
Tabitha,Female
Taffy,Male
Talia,Female
Tallia,Female
Tallie,Female
Tallou,Female
Tallulah,Female
Tally,Female
Talya,Female
Talyah,Female
Tamar,Female
Tamara,Female
Tamarah,Female
Tamarra,Female
Tamera,Female
Tami,Female
Tamiko,Female
Tamma,Female
Tammara,Female
Tammi,Female
Tammie,Female
Tammy,Female
Tamqrah,Male
Tamra,Female
Tana,Female
Tandi,Female
Tandie,Female
Tandy,Female
Tanhya,Female
Tani,Male
Tania,Female
Tanitansy,Male
Tansy,Female
Tanya,Female
Tara,Female
Tarah,Female
Tarra,Female
Tarrah,Female
Taryn,Female
Tasha,Female
Tasia,Female
Tate,Male
Tatiana,Female
Tatiania,Female
Tatum,Female
Tawnya,Female
Tawsha,Male
Ted,Male
Tedda,Female
Teddi,Male
Teddie,Male
Teddy,Male
Tedi,Male
Tedra,Female
Teena,Female
TEirtza,Male
Teodora,Female
Tera,Female
Teresa,Female
Terese,Female
Teresina,Female
Teresita,Female
Teressa,Female
Teri,Female
Teriann,Female
Terra,Female
Terri,Female
Terrie,Female
Terrijo,Male
Terry,Male
Terrye,Female
Tersina,Female
Terza,Female
Tess,Female
Tessa,Female
Tessi,Female
Tessie,Female
Tessy,Female
Thalia,Female
Thea,Female
Theadora,Female
Theda,Female
Thekla,Female
Thelma,Female
Theo,Male
Theodora,Female
Theodosia,Female
Theresa,Female
Therese,Female
Theresina,Female
Theresita,Female
Theressa,Female
Therine,Female
Thia,Female
Thomasa,Male
Thomasin,Female
Thomasina,Female
Thomasine,Female
Tiena,Female
Tierney,Female
Tiertza,Male
Tiff,Female
Tiffani,Female
Tiffanie,Female
Tiffany,Female
Tiffi,Female
Tiffie,Female
Tiffy,Female
Tilda,Female
Tildi,Female
Tildie,Male
Tildy,Female
Tillie,Female
Tilly,Female
Tim,Male
Timi,Female
Timmi,Male
Timmie,Male
Timmy,Male
Timothea,Female
Tina,Female
Tine,Female
Tiphani,Female
Tiphanie,Female
Tiphany,Female
Tish,Female
Tisha,Female
Tobe,Male
Tobey,Male
Tobi,Male
Toby,Male
Tobye,Female
Toinette,Female
Toma,Male
Tomasina,Female
Tomasine,Male
Tomi,Male
Tommi,Male
Tommie,Male
Tommy,Male
Toni,Male
Tonia,Female
Tonie,Male
Tony,Male
Tonya,Female
Tonye,Male
Tootsie,Female
Torey,Male
Tori,Female
Torie,Female
Torrie,Female
Tory,Female
Tova,Female
Tove,Female
Tracee,Female
Tracey,Female
Traci,Female
Tracie,Female
Tracy,Female
Trenna,Female
Tresa,Female
Trescha,Female
Tressa,Female
Tricia,Female
Trina,Female
Trish,Female
Trisha,Female
Trista,Female
Trix,Female
Trixi,Female
Trixie,Female
Trixy,Female
Truda,Female
Trude,Female
Trudey,Female
Trudi,Female
Trudie,Female
Trudy,Female
Trula,Female
Tuesday,Female
Twila,Female
Twyla,Female
Tybi,Male
Tybie,Female
Tyne,Female
Ula,Female
Ulla,Female
Ulrica,Female
Ulrika,Female
Ulrikaumeko,Male
Ulrike,Female
Umeko,Female
Una,Female
Ursa,Female
Ursala,Female
Ursola,Female
Ursula,Female
Ursulina,Female
Ursuline,Female
Uta,Female
Val,Female
Valaree,Female
Valaria,Female
Vale,Female
Valeda,Male
Valencia,Female
Valene,Female
Valenka,Female
Valentia,Female
Valentina,Female
Valentine,Female
Valera,Male
Valeria,Female
Valerie,Female
Valery,Female
Valerye,Female
Valida,Female
Valina,Female
Valli,Female
Vallie,Female
Vally,Female
Valma,Female
Valry,Male
Van,Male
Vanda,Female
Vanessa,Female
Vania,Female
Vanna,Female
Vanni,Male
Vannie,Female
Vanny,Female
Vanya,Male
Veda,Female
Velma,Female
Velvet,Female
Venita,Female
Venus,Female
Vera,Female
Veradis,Male
Vere,Female
Verena,Female
Verene,Female
Veriee,Female
Verile,Male
Verina,Female
Verine,Female
Verla,Female
Verna,Female
Vernice,Female
Veronica,Female
Veronika,Female
Veronike,Female
Veronique,Female
Vevay,Male
Vi,Female
Vicki,Female
Vickie,Female
Vicky,Female
Victoria,Female
Vida,Female
Viki,Female
Vikki,Female
Vikky,Female
Vilhelmina,Female
Vilma,Female
Vin,Male
Vina,Female
Vinita,Female
Vinni,Male
Vinnie,Male
Vinny,Male
Viola,Female
Violante,Female
Viole,Female
Violet,Female
Violetta,Female
Violette,Female
Virgie,Female
Virgina,Female
Virginia,Female
Virginie,Female
Vita,Female
Vitia,Male
Vitoria,Female
Vittoria,Female
Viv,Female
Viva,Female
Vivi,Female
Vivia,Female
Vivian,Female
Viviana,Female
Vivianna,Female
Vivianne,Female
Vivie,Female
Vivien,Female
Viviene,Female
Vivienne,Female
Viviyan,Female
Vivyan,Female
Vivyanne,Female
Vonni,Female
Vonnie,Female
Vonny,Female
Vyky,Female
Wallie,Male
Wallis,Male
Walliw,Male
Wally,Male
Waly,Male
Wanda,Female
Wandie,Male
Wandis,Male
Waneta,Female
Wanids,Male
Wenda,Female
Wendeline,Female
Wendi,Female
Wendie,Female
Wendy,Female
Wendye,Female
Wenona,Female
Wenonah,Female
Whitney,Female
Wileen,Female
Wilhelmina,Female
Wilhelmine,Female
Wilie,Male
Willa,Female
Willabella,Male
Willamina,Female
Willetta,Female
Willette,Female
Willi,Male
Willie,Male
Willow,Male
Willy,Male
Willyt,Male
Wilma,Female
Wilmette,Male
Wilona,Female
Wilone,Male
Wilow,Male
Windy,Female
Wini,Female
Winifred,Female
Winna,Female
Winnah,Female
Winne,Female
Winni,Male
Winnie,Female
Winnifred,Female
Winny,Female
Winona,Female
Winonah,Female
Wren,Male
Wrennie,Male
Wylma,Female
Wynn,Male
Wynne,Female
Wynnie,Female
Wynny,Male
Xaviera,Female
Xena,Female
Xenia,Female
Xylia,Female
Xylina,Female
Yalonda,Female
Yasmeen,Female
Yasmin,Female
Yelena,Female
Yetta,Female
Yettie,Female
Yetty,Female
Yevette,Female
Ynes,Female
Ynez,Female
Yoko,Female
Yolanda,Female
Yolande,Female
Yolane,Female
Yolanthe,Female
Yoshi,Male
Yoshiko,Female
Yovonnda,Male
Ysabel,Female
Yvette,Female
Yvonne,Female
Zabrina,Female
Zahara,Female
Zandra,Female
Zaneta,Female
Zara,Female
Zarah,Female
Zaria,Female
Zarla,Male
Zea,Female
Zelda,Female
Zelma,Female
Zena,Female
Zenia,Female
Zia,Male
Zilvia,Female
Zita,Female
Zitella,Female
Zoe,Female
Zola,Male
Zonda,Male
Zondra,Female
Zonnya,Male
Zora,Female
Zorah,Female
Zorana,Female
Zorina,Female
Zorine,Male
Zsa Zsa,Male
Zsazsa,Female
Zulema,Female
Zuzana,Female